﻿<?xml version="1.0" encoding="utf-8"?>
<key id="9214c67c-119e-4e89-ac67-fd807c8ec6fe" version="1">
  <creationDate>2022-04-07T16:42:57.9846055Z</creationDate>
  <activationDate>2022-04-07T16:42:57.970011Z</activationDate>
  <expirationDate>2022-07-06T16:42:57.970011Z</expirationDate>
  <descriptor deserializerType="Microsoft.AspNetCore.DataProtection.AuthenticatedEncryption.ConfigurationModel.AuthenticatedEncryptorDescriptorDeserializer, Microsoft.AspNetCore.DataProtection, Version=5.0.0.0, Culture=neutral, PublicKeyToken=adb9793829ddae60">
    <descriptor>
      <encryption algorithm="AES_256_CBC" />
      <validation algorithm="HMACSHA256" />
      <masterKey p4:requiresEncryption="true" xmlns:p4="http://schemas.asp.net/2015/03/dataProtection">
        <!-- Warning: the key below is in an unencrypted form. -->
        <value>EfWWXeU3w6DhsOqCYL2zN4W8aBQg9LnX2UrnfMp0rFA8Mq6Dojn/CzIhQ84hVIpCLE2ap2nzPkPr7rGcKeKShg==</value>
      </masterKey>
    </descriptor>
  </descriptor>
</key>