﻿<?xml version="1.0" encoding="utf-8"?>
<key id="649825f2-7393-4707-94e6-c2ee229724d5" version="1">
  <creationDate>2022-06-15T11:11:42.1895503Z</creationDate>
  <activationDate>2022-06-15T11:11:42.1346201Z</activationDate>
  <expirationDate>2022-09-13T11:11:42.1346201Z</expirationDate>
  <descriptor deserializerType="Microsoft.AspNetCore.DataProtection.AuthenticatedEncryption.ConfigurationModel.AuthenticatedEncryptorDescriptorDeserializer, Microsoft.AspNetCore.DataProtection, Version=6.0.0.0, Culture=neutral, PublicKeyToken=adb9793829ddae60">
    <descriptor>
      <encryption algorithm="AES_256_CBC" />
      <validation algorithm="HMACSHA256" />
      <masterKey p4:requiresEncryption="true" xmlns:p4="http://schemas.asp.net/2015/03/dataProtection">
        <!-- Warning: the key below is in an unencrypted form. -->
        <value>a50QxGusp2QZAP0XWVp33b8U6NQp02OF3Y7RypkPS2ttyBKCBO7B0AFaqf7PUwjUaa3SQUEsJLyBbGj6vbuTeA==</value>
      </masterKey>
    </descriptor>
  </descriptor>
</key>